{
    "libraries": {
        "description": "Test Publisher",
        "host": "localhost:30000",
        "flavor": "windows",
        "terminal_allowed": "true",
        "key": "025e2ddb-942a-4206-8458-902a87e42e62",
        "case_sensitive": false,
        "ignore_patterns": [
            "desktop.ini",
            "Thumbs.db"
        ],
        "bibliography": [
            {
                "name": "Movies",
                "sources": [
                    "../../../mock/TestRun/publisher/media-a/media/MyMovies",
                    "../../../mock/TestRun/publisher/media-b/media/MoreMovies",
                    "../../../mock/TestRun/publisher/media-c/media/YetMoreMovies"
                ]
            },
            {
                "name": "TV Shows",
                "sources": [
                    "../../../mock/TestRun/publisher/media-a/media/MyTVShows",
                    "../../../mock/TestRun/publisher/media-b/media/MoreTVShows",
                    "../../../mock/TestRun/publisher/media-c/media/YetMoreTVShows"
                ]
            }
        ]
    }
}
