{
	"libraries": {
        "description": "Media Publisher",
        "host": "localhost:50271",
        "listen": "localhost:50271",
        "flavor": "linux",
        "terminal_allowed": "true",
        "key": "aa1673d4-5284-4a7d-86c9-3df20adace46",
        "case_sensitive": "false",
        "ignore_patterns": [
            "(?i)desktop\\.ini",
            ".*\\.fuse.*",
            ".*\\.srt",
            "Thumbs\\.db"
		],
        "locations": [
            {
                "location": "test/publisher/media",
                "minimum": "42GB"
            }
        ],
		"bibliography": [
			{
				"name": "Movies",
				"sources": [
                    "test/publisher/media/Movies"
				]
			},
			{
				"name": "TV Shows",
				"sources": [
					"test/publisher/media/TV Shows"
				]
			}
		]
	}
}

