{
    "libraries": {
        "description": "My Publisher",
        "host": "localhost:50271",
        "listen": "localhost:50271",
        "flavor": "windows",
        "terminal_allowed": "true",
        "key": "f9bd7a64-f8a7-11ea-adc1-0242ac120002",
        "case_sensitive": false,
        "ignore_patterns": [
            "desktop.ini",
            "Thumbs.db"
        ],
        "bibliography": [
            {
                "name": "Movies",
                "sources": [
                    "TestRun/publisher/media-a/media/MyMovies",
                    "TestRun/publisher/media-b/media/MoreMovies",
                    "TestRun/publisher/media-c/media/YetMoreMovies"
                ]
            },
            {
                "name": "TV Shows",
                "sources": [
                    "TestRun/publisher/media-a/media/MyTVShows",
                    "TestRun/publisher/media-b/media/MoreTVShows",
                    "TestRun/publisher/media-c/media/YetMoreTVShows"
                ]
            }
        ]
    }
}
