{
    "libraries": {
        "description": "My Publisher",
        "host": "localhost:50271",
        "listen": "localhost:50271",
        "flavor": "windows",
        "terminal_allowed": "true",
        "key": "f9bd7a64-f8a7-11ea-adc1-0242ac120002",
        "case_sensitive": false,
        "ignore_patterns": [
            "(?)desktop\\.ini",
            ".*\\.fuse.*",
            "Thumbs\\.db"
        ],
        "renaming": [
            {
                "from": "(?i) Moms dvd",
                "to": " DVD"
            },
            {
                "from": "(?i) Moms Bluray",
                "to": " Bluray"
            }
        ],
        "bibliography": [
            {
                "name": "Movies",
                "sources": [
                    "/media/media-a/MyMovies",
                    "/media/media-b/MoreMovies",
                    "/media/media-c/YetMoreMovies"
                ]
            },
            {
                "name": "TV Shows",
                "sources": [
                    "/media/media-a/MyTVShows",
                    "/media/media-b/MoreTVShows",
                    "/media/media-c/YetMoreTVShows"
                ]
            }
        ]
    }
}
