{
    "targets": {
        "description": "My Subscriber Targets",
        "storage": [
            {
                "name": "Movies",
                "minimum": "50MB",
                "locations": [
                    "/media/next1/Movies",
                    "/media/next2/Movies"
                ]
            },
            {
                "name": "TV Shows",
                "minimum": "1GB",
                "locations": [
                    "/media/next1/TV Shows",
                    "/media/next2/TV Shows"
                ]
            }
        ]
    }
}
