{
    "targets": {
        "description": "My Subscriber Targets",
        "storage": [
            {
                "name": "Movies",
                "minimum": "50kb",
                "locations": [
                    "TestRun/subscriber-1/media-d/media/NewMovies"
                ]
            },
            {
                "name": "TV Shows",
                "minimum": "1GB",
                "locations": [
                    "TestRun/subscriber-1/media-d/media/NewTVShows"
                ]
            }
        ]
    }
}
